"conversation_id_str","created_at","favorite_count","full_text","id_str","image_url","in_reply_to_screen_name","lang","location","quote_count","reply_count","retweet_count","tweet_url","user_id_str","username"
"1793677007840305380","Thu May 23 16:14:58 +0000 2024","973","Berani tidak komisi @DPR_RI kawal angkat kasus bansos 497 triliun yg lebih besar dari korup timah 271 T....? Berani tidak @KejaksaanagungR Usut bansos yg di selewengkan untuk pemilu...? https://t.co/bOZ40r4nOh","1793677007840305380","https://pbs.twimg.com/ext_tw_video_thumb/1793676977221816320/pu/img/03JcJonHJ9KzhTVc.jpg","","in","","16","69","503","https://x.com/H4T14K4LN4L42/status/1793677007840305380","1129672753651388416","H4T14K4LN4L42"
"1795547561530716369","Tue May 28 20:07:52 +0000 2024","10","Jelang pemilu pada terlena dengan bansos dan BLT. Setelah pemilu baru pada siuman awalnya dengan UKT lanjut dengan Tapera dan ditunggu kejutan-2 lain yg membuat rakyat bahagia (waiting list pembatasan pertalite dan Gas melon). Jangan lupa RUU penyiaran MK dan TNI Polri dan https://t.co/Z1x4GJ6ELD","1795547561530716369","https://pbs.twimg.com/media/GOsQ_Y3bcAA8gV3.jpg","","in","Planeta Rica, Colombia","0","1","5","https://x.com/5teV3n_Pe9eL/status/1795547561530716369","224431376","5teV3n_Pe9eL"
"1793021760389951564","Tue May 21 20:51:15 +0000 2024","18","Pemilu Di Negara Miskin Yang terpilih bukan Yang berprestasi tapi yang Mampu Bagi-Bagi Duit&amp;Bansos..!!!!!","1793021760389951564","","","in","","0","2","10","https://x.com/Opiniku95098012/status/1793021760389951564","1645282016706064384","Opiniku95098012"
"1796441693119779118","Fri May 31 07:20:50 +0000 2024","109","KPK : Bansos dilarang menjelang pemilu Pak de Langsung rubah strategi Bansos diganti ke Bantuan pangan Ngibul terus https://t.co/9I1FhjUfPK","1796441693119779118","https://pbs.twimg.com/media/GO4-Mh3bIAAgVeY.jpg","","in","Kerajaan, Indonesia","1","10","44","https://x.com/KangManto123/status/1796441693119779118","947632364003368961","KangManto123"
"1796145683495325733","Thu May 30 11:44:36 +0000 2024","0","Asal jangan usut kasus : 1. Gratifikasi anak presiden 2. Kecurangan pemilu 3. BTS 2 7M 4. TOLL MBZ 5. BANSOS PRESIDEN 6. REKLAMASI","1796145683495325733","","","in","","0","1","0","https://x.com/Virsi6/status/1796145683495325733","1272768497945178112","Virsi6"
"1793297860634849606","Wed May 22 15:08:22 +0000 2024","2","Israel - Hamas Perang Bahan Pokok Naik akhirnya harus ada #bansos di musim pemilu Presiden Iran Tewas Kecelakaan Helikopter Jokowi was was bahan Pokok akan naik ? Bahan pokok bisa naik gegara presiden Iran Tewas!! apa akan ada bansos saat pilkada ? https://t.co/SmbedP42D9","1793297860634849606","https://pbs.twimg.com/media/GOMS5Rha0AAQb2f.jpg","","in","Indonesia","0","1","0","https://x.com/3rwin__34/status/1793297860634849606","1385407713987874820","3rwin__34"
"1796537208033411406","Fri May 31 13:40:23 +0000 2024","0","Barudak all in moal apaleun putusan MK jeung MA kumaha sibuk tawuran. Matak pas waktuna pemilu tinggal nyoblos nu mere bansos.","1796537208033411406","","","in","US: -6.863469,107.507877","0","0","0","https://x.com/cungacung/status/1796537208033411406","61673817","cungacung"
"1795642630434685074","Wed May 29 05:02:50 +0000 2024","7","@remotivi Sebenarnya cape bgt ga sih? Di thn ini dimulai dari awal kemarin pemilu MK Bansos IKN bea cukai makan gratis RUU Penyiaran UKT TAPERA RUU Polri dan kedepannya msh berbentuk arsip kali ya? Blm lg urusan personal keluarga kerjaan. Mustahil bgt kalo ga mikirin beginian.","1795682186672439702","","remotivi","in","afbf","0","1","0","https://x.com/raaanhsb/status/1795682186672439702","1521785221","raaanhsb"
"1791267666860405039","Fri May 17 00:41:06 +0000 2024","10","Jokowi Sebar Bansos hingga Desember PDIP: Cawe-cawe untuk Pilkada https://t.co/N6vnCu3F6D #Pemilu","1791267666860405039","","","in","Jakarta","1","2","2","https://x.com/liputan6dotcom/status/1791267666860405039","47596019","liputan6dotcom"
"1796157303189598242","Thu May 30 12:30:46 +0000 2024","8","BETULKAN PREDIKSI SAYA ?? Kalau UU Pemilu bisa lolos di MK maka UU lainnya bisa2 akan dirubah sekehendak Ki Lurah bersama Kroni2nya. Rakyat akan terus dihantam dengan berbagai manuver utk memuluskan jalan nafsu kekuasaannya. Rakyat tidak banyak yg mau bersuara krn disuap Bansos https://t.co/zyNouIsAu7","1796157303189598242","https://pbs.twimg.com/media/GO07jEEacAAORQ-.jpg","","in","Indonesia","0","0","1","https://x.com/Megatop99/status/1796157303189598242","278039207","Megatop99"
"1790817168608870842","Wed May 15 18:50:59 +0000 2024","51","Bukan nya sudah di atur? Bansos Turun Menjelang Pemilu... Setelah Pemilu Bansos ngilang!? https://t.co/kERa7XebRc","1790817168608870842","https://pbs.twimg.com/media/GNpCuVsbkAAWNkl.jpg","","in","Central Java, Indonesia","1","9","7","https://x.com/Aryprasetyo85/status/1790817168608870842","435004096","Aryprasetyo85"
"1796339943369032180","Fri May 31 00:36:31 +0000 2024","0","UKT batal. TAPERA dipastikan batal juga. Keduanya by design. Agar muncul Pahlawan (kesiangan) demi mengembalikan Citranya yg buruk &amp; busuk akibat Bansos pemilu 497T https://t.co/RyQqJRQ5Tp","1796339943369032180","https://pbs.twimg.com/media/GO3hp4VbIAA9Hqv.jpg","","in","Bumi Arema, Indonesia","0","0","0","https://x.com/Jaga5_sila/status/1796339943369032180","1548874746083053569","Jaga5_sila"
"1791642471971316155","Sat May 18 01:30:27 +0000 2024","0","Nerima bansos. Enak to? Scroll scroll dapet bansos. Scroll scroll dapet bansos. Pemilu pilih dia lagi. Lanjut. Scroll scroll dapet bansos. Scroll scroll dapet bansos. Ya asal ga bikin onar aja.","1791642471971316155","","","in","Jawa Tengah, Indonesia","0","0","0","https://x.com/dimassuryo/status/1791642471971316155","48627340","dimassuryo"
"1794006742785049057","Fri May 24 23:34:27 +0000 2024","23","@Chynthia_K saya 500 meter dari sana. Ktp dalem ngk tau klw ada bansos. Maen nya cantik. Jgn sampe @HuseinShelly know klw ini pencitraan tai tikus","1794149997145096398","","Chynthia_K","in","8ft di bawah tanah","0","3","1","https://x.com/Donie707/status/1794149997145096398","1573280097003397121","Donie707"
"1630035500366004225","Mon Feb 27 02:42:02 +0000 2023","5","Anggaran Bansos 2023 Naik Tanda Pemilu Sudah¬†Dekat? https://t.co/NeMxPqCn4H","1630035500366004225","","","in","redaksi@mojok.co","0","1","0","https://x.com/mojokdotco/status/1630035500366004225","2388795571","mojokdotco"
"1793597620654579737","Thu May 23 10:59:30 +0000 2024","2","Menjual diri demi bansos pemilu kemarin dampaknya: 1. UKT naik 2. Utang numpuk 3. Politik makin keliatan dinasti 4. Lapangan kerja susah disalahin Gen Z 5. Sembako makin mahal Semoga bansos 300 ribu mu dari Jokowi buat milih 02 cukup untuk hidup 5 tahun kedepan.","1793597620654579737","","","in","","0","0","1","https://x.com/0b170_uch1h4/status/1793597620654579737","1741668509019672576","0b170_uch1h4"
"1789208010818285663","Sat May 11 08:16:46 +0000 2024","0","Ujan kok bisa tetiba deres kaya bansos pemilu","1789208010818285663","","","in","üè°","0","0","0","https://x.com/erlandax/status/1789208010818285663","174227635","erlandax"
"1792730299866231086","Tue May 21 05:07:22 +0000 2024","138","@KemenperinRI Tapi kalo gini siapa yang mau dikasih bansos pas pemilu?","1792784225084768334","","KemenperinRI","in","","2","7","7","https://x.com/f4dlyfadd/status/1792784225084768334","1533555208789233664","f4dlyfadd"
"1795785730809290899","Wed May 29 11:54:16 +0000 2024","0","Siapa yg gembira dikasih bansos jelang pemilu? Tuh ada yg minta balikin modalnya..","1795785730809290899","","","in","Jakarta, Indonesia","0","1","0","https://x.com/mhmfikri/status/1795785730809290899","255536573","mhmfikri"
"1788234087494516958","Wed May 08 15:46:44 +0000 2024","108","Mengeluarkan bansos @jokowi untuk kepentingan anaknya @gibran_tweet Dan serangan fajar pemilu tanpa persetujuan @DPR_RI Melanggar peraturan UU. Maka potensi terancam hukum. Sudah selayaknya dpr harus menuntut uang rakyat yg di salah gunakan dan salah sasaran. https://t.co/1uhMMNpT5z","1788234087494516958","https://pbs.twimg.com/ext_tw_video_thumb/1788233987615539201/pu/img/C8pshnt6nPYXitPB.jpg","","in","","9","17","71","https://x.com/H4T14K4LN4L42/status/1788234087494516958","1129672753651388416","H4T14K4LN4L42"
"1788584000694747326","Thu May 09 14:57:10 +0000 2024","73","Mental bansos kena karma tuannya...! Coba jika dari dulu menolak pemilu kawal ketat maka kondisi tidak seperti sekarang ini. Betul kan .... @prabowo @jokowi https://t.co/9qRvV99IrH","1788584000694747326","https://pbs.twimg.com/ext_tw_video_thumb/1788583952577609728/pu/img/w9XbNpgI9mI6-a-X.jpg","","in","","4","17","43","https://x.com/H4T14K4LN4L42/status/1788584000694747326","1129672753651388416","H4T14K4LN4L42"
"1755102141864362271","Wed Feb 07 05:32:13 +0000 2024","10","Jokowi Telah Cairkan Bansos Ribuan Ton Beras Jelang Pemilu https://t.co/iWHBwy2ZsU","1755102141864362271","","","in","Indonesia","5","4","3","https://x.com/TirtoID/status/1755102141864362271","4187275698","TirtoID"
"1793673920182440385","Thu May 23 21:59:19 +0000 2024","3","@Fahrihamzah WOOOOYYYY EMANG LU KIRA SEKARANG RAKYAT KURANG MENDERITA APAAA????????? Bansos dipolitisasi jgn dikira 100% rakyat percaya kalo kalian ga manipulasi pemilu kemareen. Semua kebijakan nyekekk rakyat wkwkw","1793763668737585161","","Fahrihamzah","in","Indonesien","0","0","1","https://x.com/naarasensei/status/1793763668737585161","81026063","naarasensei"
"1795371631323271459","Tue May 28 08:28:47 +0000 2024","0","Bawaslu Akan Awasi Penyaluran Bansos di Pilkada 2024 #dukungpilkada2024 #SukseskanPilkada2024 #awasipilkada2024 https://t.co/EnWw5DD1O7","1795371631323271459","https://pbs.twimg.com/media/GOpw-7zWIAAaz9D.jpg","","in","Tangerang, Banten","0","0","0","https://x.com/makmur_o/status/1795371631323271459","1568094349799604224","makmur_o"
"1795487591736996051","Tue May 28 16:09:35 +0000 2024","0","Bansos menjelang pemilu biar kepilih terus.","1795487591736996051","","","in","DKI Jakarta - Indonesia","0","0","0","https://x.com/sseeeno/status/1795487591736996051","245801664","sseeeno"
"1795444542126338245","Tue May 28 13:18:31 +0000 2024","0","Bagi2 bansos &amp; uang menjelang pemilu memaksa inflasi mengoreksi nilai rupiah. Solusinya harus segera ditarik sebanyak2nya rupiah yg beredar. Caranya? TAPERA. Sistem moneter selamat dari likuidity trap min dlm tahunan ke depan.","1795444542126338245","","","in","Nangro Aceh Darussalam, Indone","0","0","0","https://x.com/masawep08/status/1795444542126338245","2151205796","masawep08"
"1794630673975955472","Sun May 26 07:24:29 +0000 2024","2","Mana ada framing wong emang pada percaya kalo pinter ngomong itu emang gabisa kerja yg bisa kerja tu yg ngasih bansos pas mau pemilu sama yg diem-diem bae tiba-tiba ada korupsi 271 T pas dah tau rugi banyak naikin UKT itu baru kerja ","1794630673975955472","","","in","Malang, Jawa Timur","0","0","0","https://x.com/frizbeast/status/1794630673975955472","898549111791726593","frizbeast"
"1796549101091524772","Fri May 31 15:14:41 +0000 2024","4","@kegblgnunfaedh Dipaksa miskin biar ketika pemilu suara bisa dibeli bansos","1796560940621824094","","kegblgnunfaedh","in","Indonesia","0","0","0","https://x.com/qbcrook/status/1796560940621824094","1118858265738108928","qbcrook"
"1786265439414505728","Fri May 03 05:24:02 +0000 2024","1","Politisasi bansos terus jadi polemik dalam penyelenggaraaan pemilu lalu. Nah November mendatang pemilihan kepala daerah serentak digelar. Bgmn mencegah politisasi bansos kembali terjadi pada tahapan pilkada? Selengkapnya di #WrapUp https://t.co/IcCEkCWC6Q #PodcastIndonesia https://t.co/fKwfOVsXuJ","1786265439414505728","https://pbs.twimg.com/media/GMoWqo4aIAAW-Jo.jpg","","in","Jakarta, Indonesia","0","0","0","https://x.com/beritaKBR/status/1786265439414505728","124390203","beritaKBR"
"1796136764848930899","Thu May 30 11:09:10 +0000 2024","0","Mari kita lihat pemilu di gelontor bansos dan pengerahan aparatur negara. Pilkada besok pake apa ya?","1796136764848930899","","","in","Bangil, Pasuruan","0","1","0","https://x.com/fahmi_hidayat10/status/1796136764848930899","3245022295","fahmi_hidayat10"
"1795048116166746297","Mon May 27 11:03:15 +0000 2024","2","Waduh! Belanja Pemerintah jadi Buncit Buat Bayar THR PNS Pemilu hingga Bansos: Menkeu RI Sri Mulyani Indrawati mengatakan belanja pemerintah jadi melonjak tinggi karena disebabkan pembayarakan THR bagi PNS hingga anggaran Pemilu 2024 https://t.co/FFr3x8tMEF https://t.co/CZuwEXmrIT","1795048116166746297","https://pbs.twimg.com/media/GOlKv92a4AAiH-Q.jpg","","in","Pulo Gadung, Indonesia","0","2","1","https://x.com/tvOneNews/status/1795048116166746297","55507370","tvOneNews"
"1794001747217682565","Fri May 24 17:57:32 +0000 2024","4","@nialubis_ @aniesbaswedan Klo di sia kan. Brarti fiks bansos itu terbukti bnget untuk jatuhin lawan di segala pemilu.","1794065207805001872","","bangdim90","in","Bekasi Selatan, Indonesia","0","1","0","https://x.com/bangdim90/status/1794065207805001872","1285226968921718784","bangdim90"
"1795748609251844491","Wed May 29 09:26:46 +0000 2024","0","Nie org ngerti ga sih dampak bansos itu apa?. Ya kyk gni skrg utang numpuk blm lg program2 yg lain dibayar pakai apa. Justru krna buang2 duit pemilu kmrn yg nyebabin skrg amburadul biar MENANG PILPRES.","1795748609251844491","","","in","Denpasar Timur, Bali,Indonesia","0","1","0","https://x.com/brahmani_264/status/1795748609251844491","2737358840","brahmani_264"
"1794970146148438484","Mon May 27 06:58:10 +0000 2024","2","@CNNIndonesia Project food estate gagal brp triliun?? Import beras utk bansos di saat pemilu brp T????","1794986437474988241","","CNNIndonesia","in","Jakarta","0","0","0","https://x.com/arrowhillkennel/status/1794986437474988241","380130361","arrowhillkennel"
"1784155982047949087","Sat Apr 27 09:41:48 +0000 2024","0","Tetapi ketika rakyat lebih memilih mereka yg ngasih amplop dan bansos jelang pemilu untuk apa..","1784155982047949087","","","in","Di alam bawah sadarmu..","0","0","0","https://x.com/hidahidaan/status/1784155982047949087","129745434","hidahidaan"
"1795311861312999650","Tue May 28 17:39:03 +0000 2024","12","@Dyanasthasia Kelas menengah ini banyak ada 100jt lebih dan kelas paling kejepit gak dapet bansos gak dapet keringanan pajak kayak konglomerat tapi paling sering dihantam pajak tinggi harga2 bahan pokok yg tinggi.. kalo kelas menengah bersatu harusnya pemilu bukan jkw geng yg menang.","1795510107662618878","","Dyanasthasia","in","","0","1","4","https://x.com/Themarshallisme/status/1795510107662618878","1687873694566387712","Themarshallisme"
"1795684100524937604","Wed May 29 09:02:08 +0000 2024","28","@RuudBukanGullit @kikysaputrii Langkah catur pakde. Dia tau perkiraan2 langkah ke depan. Sehingga lawan2nya bisa ikut kena sasaran. Sama kayak pas bagi2 bansos jelang pemilu. Ngelesnya : tapi itu sudah disetujui DPR kok . Entahlah ini cerdik atau licik bener2 master of politics","1795742408707379690","","RuudBukanGullit","in","","0","2","2","https://x.com/eri_volution/status/1795742408707379690","1352580427802787840","eri_volution"
"1789951264714818003","Mon May 13 09:30:11 +0000 2024","1","Kalo buat org indo ini kayak jkw bagi bansos wkt pemilu","1789951264714818003","","","in","Seoul","0","0","0","https://x.com/namuhae_/status/1789951264714818003","257821569","namuhae_"
"1789654257752473823","Sun May 12 13:49:59 +0000 2024","4","Coba dihitung pelan2. Bansos yg dilaporkan jelang pemilu bernilai 500 T. Berapa % yg sampai ketangan rakyat? Dlm waktu bersamaan mrk bebas foya2 korupsi &amp; ngrampok kekayaan Ibu Pertiwi bareng asing-aseng besarnya 10an rb T? Rakyat cuma dapat sampahnya: miskin bodoh &amp; ccl utang?","1789654257752473823","","","in","Tangerang, Banten","0","0","0","https://x.com/HeriSuwondo2/status/1789654257752473823","1343563920531804166","HeriSuwondo2"
"1787236905899470953","Sun May 05 21:44:18 +0000 2024","1","Keluarga ini gk kebagian Bansos saat menjelang PEMILU ya. Lantas anak anak nya lapar.","1787236905899470953","","","in","","0","0","0","https://x.com/hasbunallaah67/status/1787236905899470953","1753641363886006272","hasbunallaah67"
"1795023609343127610","Tue May 28 03:34:14 +0000 2024","7","@ggbdlprmn @Outstandjing Ga akan meledak karena kelas bawah disuapin bansos terus sama bbm subsidi. Yang bikin menang tiap pemilu kan daerah itu2 aja yang banyak orang miskinnya.","1795297503816167923","","ggbdlprmn","in","","0","0","0","https://x.com/archvalley89/status/1795297503816167923","1679765753128681472","archvalley89"
"1752259633484632353","Tue Jan 30 09:17:06 +0000 2024","9","Puan Soal Pembagian Bansos Jelang Pemilu: Rakyat yang Menilai https://t.co/k4Yy5l753x","1752259633484632353","","","in","Indonesia","0","4","0","https://x.com/TirtoID/status/1752259633484632353","4187275698","TirtoID"
"1795584164223479945","Wed May 29 06:31:42 +0000 2024","2","@liaasister @namira0109 Mirip MLM arisan tapi ini kelas negara... bajingan akut... buat bansos dan ngisi gentong babi pemilu dan pilkada selanjutnya","1795704551913472086","","liaasister","in","","0","0","1","https://x.com/Univenot/status/1795704551913472086","882953740893822976","Univenot"
"1784405779568881965","Sun Apr 28 02:14:25 +0000 2024","2","MK selam proses Pemilu maupun sebelumnya Hakimnya tertidur semua kejadian serangan bansos terlihat dgn mata telanjang yang paling nampak di depan Istana di beberapa titik di jakarta belum lagi di Jawa Tengah Jawa Timur dan Jawa Barat. Semua Vidio dia anggap itu rekayasa.","1784405779568881965","","","in","","0","1","0","https://x.com/sandyalfia96694/status/1784405779568881965","1645817665662115842","sandyalfia96694"
"1786071439524897120","Thu May 02 16:33:09 +0000 2024","0","Jorjoran Bansos Pemilu demi Paslon Tertentu? | ROSI https://t.co/sIuI02mUsA","1786071439524897120","","","in","","0","0","0","https://x.com/idn_media/status/1786071439524897120","2508657594","idn_media"
"1794006742785049057","Fri May 24 23:43:20 +0000 2024","5","@Chynthia_K @AnakKampoeng78 Biasa nya bentor2 yg bukan ktp jogja mba. Klw ktp Kota jogja ampe jamkesda di bayar daerah. Ini paling 58%. Tau sendiri jogja makan tempe gpp asal ngk ngemis bansos.","1794152231257981064","","Chynthia_K","in","8ft di bawah tanah","0","0","1","https://x.com/Donie707/status/1794152231257981064","1573280097003397121","Donie707"
"1796558975137439974","Fri May 31 15:06:52 +0000 2024","0","Setelah ada kepastian peraturan dirubah demi anak bisa ikut pilkada bansos (dengan nama pengganti) siap dikucurkan seperti menjelang Pemilu Jadi ini beda kan menjelang pilkada.. OK","1796558975137439974","","","in","Tegal - Central Java","0","0","0","https://x.com/whitedodo/status/1796558975137439974","161587620","whitedodo"
"1794001747217682565","Sat May 25 19:32:00 +0000 2024","3","@MrHeisenbergggg @nialubis_ @aniesbaswedan Selama pemilu ga pernah gue terima bansos apa lgi yg ada embel hrus bawa ktp dan kk. Dan gue selalu bilang ke ortu jga kita mmpu kok beli itu. Aplgi klo presoden nya bijak dlm kondisi ekonomi. Pasti bisa murah. Dan kita mmpu bli itu sesuai kebutuhan.","1794451370973831619","","MrHeisenbergggg","in","Bekasi Selatan, Indonesia","0","0","0","https://x.com/bangdim90/status/1794451370973831619","1285226968921718784","bangdim90"
"1632354018386386944","Sun Mar 05 12:15:00 +0000 2023","0","Anggaran bansos mengalami peningkatan dibanding tahun sebelumnya. Ya mudah-mudahan nggak jadi kebijakan politis semata ya. Mau Pemilu 2024 ini soalnya. #KotakSuara https://t.co/NeMxPqCUUf","1632354018386386944","","","in","redaksi@mojok.co","0","0","1","https://x.com/mojokdotco/status/1632354018386386944","2388795571","mojokdotco"
"1791176234338287656","Thu May 16 18:37:47 +0000 2024","0","kaget harusnya lbh turun lg biar klo ada pemilu bs diserang pake Blt/Bansos","1791176234338287656","","","in","","0","0","0","https://x.com/bobsinclairs/status/1791176234338287656","2411851260","bobsinclairs"
"1784967011862565110","Mon Apr 29 15:24:33 +0000 2024","5","Kalo ga salah biaya bikin IKN itu lebih rendah dibandingkan biaya bansos pemilu kemarin hitungan triliunnya.","1784967011862565110","","","in","Indonesia","0","0","0","https://x.com/revolutia/status/1784967011862565110","14072986","revolutia"
"1630236320369868801","Mon Feb 27 16:00:01 +0000 2023","2","Anggaran bansos 2023 dipastikan mengalami peningkatan dibanding tahun sebelumnya. Sejumlah pakar mengingatkan agar bansos ini tidak hanya menjadi kebijakan politis semata menjelang Pemilu 2024. #KotakSuara https://t.co/NeMxPqCn4H","1630236320369868801","","","in","redaksi@mojok.co","0","0","0","https://x.com/mojokdotco/status/1630236320369868801","2388795571","mojokdotco"
"1795076415877996999","Mon May 27 12:55:43 +0000 2024","0","Biasanya mertua gue dapat bansos beras untuk lansia. Tapi semenjak beres pemilu udah gak pernah dapat lagi. Terus tadi sore mertuaku ngomong sekarang mah gk pernah dpt beras lagi . Aku jawab aja yaudah gapapa kita masih mampu kok beli beras .","1795076415877996999","","","in","97Ï¶à//selective//","0","0","0","https://x.com/woozivobo_/status/1795076415877996999","2765159186","woozivobo_"
"1793934323034538137","Fri May 24 09:17:26 +0000 2024","4","Masalah Korupsi Timah yg Luar Biasa dan Bansos Jelang Pemilu Adem2 aja Nih. Kita di Tutup Dengan Kasus2 Kriminal Usang. Sementara Pemerintah Mensubsidi Motik dari Pada Beasiswa Berprestasi. UKT di Jadikan Keributan padahal Pilkada dah Dekat pak Lurah Siap Cawe2 Lagi dg Kades.","1793934323034538137","","","in","Djakarta Evicentrum","0","0","1","https://x.com/RanggaWijayaka/status/1793934323034538137","484517405","RanggaWijayaka"
"1791098215733105065","Thu May 16 13:27:46 +0000 2024","1","Cm orang tajir doang yg boleh pinter. Yg miskin ngapain? Beranak pinak dan cm jd tenaga kerja dgn upah rendah dan cm perlu dibantu pas pemilu dgn bansos murahan","1791098215733105065","","","in","","0","0","0","https://x.com/chocoamilktea/status/1791098215733105065","1425822131544236045","chocoamilktea"
"1776087762653053313","Fri Apr 05 03:21:35 +0000 2024","7","Muhadjir: Penyaluran Bansos Sudah Direncanakan Sebelum Pemilu https://t.co/hCCfYeeQQ2","1776087762653053313","","","in","Indonesia","2","3","0","https://x.com/TirtoID/status/1776087762653053313","4187275698","TirtoID"
"1793997128232288467","Sat May 25 01:45:16 +0000 2024","2","@PDI_Perjuangan Mampukah partai PDIP mempelopori agar gimmick/money politik bansos setiap pemilu ditiadakan 3 bln sebelum hari pemilu??? Harap dijadikan undang undang bila terbukti melanggar sanksinya cukup potong 3% dari total suara disetiap wilayah kejadian.","1794182915540275259","","PDI_Perjuangan","in","","0","0","0","https://x.com/Chriszagoto/status/1794182915540275259","1524309497719984128","Chriszagoto"
"1788536798840582621","Thu May 09 11:49:36 +0000 2024","0","BANSOS ITU PROGRAM PEMERINTAH YG SUDAH DIRENCANAJAN JAUH SEBELUM PEMILU. DAN TIDAK BERKAITAN LANGSUNG ATAU TIDAK LANGSUNG. TERSERAH YG NUDUH SAJA. O2 SDH MENANG MUTLAK.","1788536798840582621","","","in","Menteng, Indonesia","0","0","0","https://x.com/peyekku63/status/1788536798840582621","1698222279573032960","peyekku63"
"1791080739129405635","Thu May 16 12:18:19 +0000 2024","0","Ini ide dasar bansos politik... Yang berhasil memenangkan pemilu kotor...","1791080739129405635","","","in","track0","0","0","0","https://x.com/firstnamegonna/status/1791080739129405635","81290710","firstnamegonna"
"1794667578499203566","Sun May 26 09:51:08 +0000 2024","10","Hnya di wakanda. Bansos bisa jadi senjata Buat pemenangan pemilu. Lo toh lugu tpi sok cerdas. ","1794667578499203566","","","in","Jakarta Barat, DKI Jakarta","0","2","2","https://x.com/Bara_Rc/status/1794667578499203566","1613404169997783040","Bara_Rc"
"1795455097532522714","Tue May 28 14:00:27 +0000 2024","0","Setelah gelombang bansos dan subsidi di masa Pemilu terbitlah tagihan-tagihan yang perlu dibayar rakyat dalam bentuk tarif pajak bakal naik. Bismillah Indonesia Emas ","1795455097532522714","","","in","Jakarta Selatan, DKI Jakarta","0","0","0","https://x.com/MSMujab22/status/1795455097532522714","310751498","MSMujab22"
"1790715355826098587","Wed May 15 12:06:25 +0000 2024","1","Tujuannya hikin bodoh dan pertahankan kebodohan rakyatnya biar jd miskin n gampang dibodohi saat pemilu pake bansos.","1790715355826098587","","","in","Indonesia","0","0","0","https://x.com/Daranaa24/status/1790715355826098587","1604260308092358656","Daranaa24"
"1791003339507028479","Thu May 16 07:10:46 +0000 2024","0","pemilu kmaren voter yg milih dinasti jg akarnya dr pendidikan yg rendah biar gampang disogok pake BLT/bansos negeriku kpn sejahtera adil dan makmur","1791003339507028479","","","in","","0","0","0","https://x.com/bobsinclairs/status/1791003339507028479","2411851260","bobsinclairs"
"1791104388116943256","Thu May 16 13:52:17 +0000 2024","0","HAHAHAHAHHAHAHAHAHAHAHA DESERVE. SALAH SENDIRI PAS PEMILU PD NGOTOT MILIH PENJAHAT HAM. MAKAN SONO BANSOS 50K DAN BERAS JELEK","1791104388116943256","","","in","","0","0","0","https://x.com/chocoamilktea/status/1791104388116943256","1425822131544236045","chocoamilktea"
"1795676486122488197","Wed May 29 08:53:19 +0000 2024","8","@negativisme @KompasTV aneh banget sama akun buzzerp pemilu. ga inget kemarin pilpres lu bela belain siapa? sekarang so so kritik orang orang munafik kaya lu yg bikin indonesia ancur. giliran ada duit lu jilat noh 02 yg bawah dikasih bansos yg kaya elu dikasih endors. kontol","1795740193083047957","","negativisme","in","Di Gunung","0","0","0","https://x.com/anakketemu/status/1795740193083047957","1317328283071963139","anakketemu"
"1776161351049601125","Fri Apr 05 08:14:00 +0000 2024","7","Hakim MK bertanya kepada Mensos di sidang sengketa pilpres 2024 untuk menjelaskan perihal Jokowi yang ikut membagikan bansos saat kampanye pemilu. https://t.co/poNAX0mspE","1776161351049601125","","","in","","0","1","3","https://x.com/detikcom/status/1776161351049601125","69183155","detikcom"
"1796554804661194976","Fri May 31 14:50:18 +0000 2024","4","Kekayaan alam Indonesia hanya di nikmati oleh koruptor sementara rakyat cukup di kasih bansos tiap mau pemilu ","1796554804661194976","","","in","Jakarta Capital Region, Indone","0","0","2","https://x.com/Spy_Zone02/status/1796554804661194976","1283815459792416768","Spy_Zone02"
"1796709744780153027","Sat Jun 01 01:05:59 +0000 2024","0","https://t.co/qyq7MspYPG jelas potongan itu untuk pemimpin kekuasaan of power . Sudah jelas uang bansos 2024 dijadikan alat pemilu . TASeRA juga ? Iya kan. ? SIAPA? Koruptor atau Mafia","1796709744780153027","","","in","","0","0","0","https://x.com/820Rumah/status/1796709744780153027","1195640572783939584","820Rumah"
"1791471006101766303","Fri May 17 14:09:06 +0000 2024","1","Bukannya yang curang tuh sono ya yang gunain MK biar bisa menang pemilu? Ohh ya bukan curang yah tapi sah karena sudah disumpel bansos setelah pemilu mangkanya pada mingkem sama joged¬≤ oke gass kalau ga dapet bansos jgn nangis yah kan bisa dapet makan siang gratis wkwkwk","1791471006101766303","","","in","Kota Kediri, Indonesia","0","0","1","https://x.com/AdityaJere89853/status/1791471006101766303","1775259482463027202","AdityaJere89853"
"1795034766003281932","Mon May 27 10:10:13 +0000 2024","0","Belanja Pemerintah Melonjak untuk Bayar THR PNS Pemilu &amp; Bansos https://t.co/IKBuOVwfDF","1795034766003281932","","","in","Jakarta","0","0","0","https://x.com/BloombergTZ/status/1795034766003281932","1582972008479920129","BloombergTZ"
"1791703914800456100","Sat May 18 05:34:36 +0000 2024","0","yg wajib itu makan gratis gitu ya bu?dibikin goblok terus ajah bangsa ini biar bisa di kibulin bansos pas pemilu.","1791703914800456100","","","in","","0","0","0","https://x.com/LASKARP3NGUIN03/status/1791703914800456100","1748922260319240192","LASKARP3NGUIN03"
"1795697612957609996","Wed May 29 06:04:08 +0000 2024","0","UKT Tapera dan naik nya pajak effect serangan bansos pemilu di tambah korupsi yang merajalela negara bangkrut tak punya uang","1795697612957609996","","","in","","0","0","0","https://x.com/PtkDaeng/status/1795697612957609996","1559827493267288064","PtkDaeng"
"1792747231868825761","Tue May 21 02:40:22 +0000 2024","5","Ini klo kejadianya sblm pemilu bisa2 GP yg disalahin bagi kaum sumbu bansos Sprti kasus pildun U20","1792747231868825761","","","in","indonesia","0","2","0","https://x.com/8_FERRY_8/status/1792747231868825761","2696877306","8_FERRY_8"
"1785103062539141625","Tue Apr 30 00:25:10 +0000 2024","0","Klo hampir seluruh kekuatan politik terutama partai politik bersatu apa guna pemilu? Pemilu hny jadi ajang merusak mental rakyat lewat amplop dan bansos para peserta pemilu...!","1785103062539141625","","","in","Diluar Kolam","0","0","0","https://x.com/Ikademan_Yong/status/1785103062539141625","137052365","Ikademan_Yong"
"1792508105781354816","Mon May 20 10:50:10 +0000 2024","0","Emang miskin kok buktinya kmrn seblm pemilu banyak yg butuh bansos. Duit 50rb dituker ma suara 5thn. Emang semiskin itu terima aja kenyataan.","1792508105781354816","","","in","","0","0","0","https://x.com/adhie_tholha/status/1792508105781354816","150530605","adhie_tholha"
"1790590903784243301","Wed May 15 03:51:53 +0000 2024","3","Ikut prihatin.Tapi itu pilihan kalian tetap ingin lanjutkan .Bukankah kalian sumringan saat @KPU_ID dan surpay 58% diumumkan ?Dinasty oligarki lah pemenang sebenarnya.Saya kira bansos menjelang pemilu kemaren cukup buat 5 tahun","1790590903784243301","","","in","","0","0","1","https://x.com/LongTimeYou2/status/1790590903784243301","1623191380880424962","LongTimeYou2"
"1787412013721034785","Mon May 06 09:20:07 +0000 2024","0","Efek Pemilu dan Bansos Konsumsi Pemerintah Naik 20% di Kuartal I 2024 https://t.co/3rvxdpE7Em","1787412013721034785","","","in","Jakarta","0","0","0","https://x.com/KATADATAcoid/status/1787412013721034785","552523769","KATADATAcoid"
"1758764014933532847","Sat Feb 17 08:03:12 +0000 2024","1","Bertabur Rezeki! Bansos PKH dan BPNT Mulai Cair Sepekan Setelah Pemilu 2024 KPM Wajib Cek Nominal Terbaru Ini https://t.co/VIDEjy0AEp","1758764014933532847","","","in","Bandung, West Java, Indonesia","0","0","1","https://x.com/PRFMnews/status/1758764014933532847","150589950","PRFMnews"
"1795340272920117463","Tue May 28 06:24:11 +0000 2024","0","Jangan2 ini motifnya utk menurunkan inflasi. Habis jor2an bansos sebelum pemilu uang yg beredar harus dikurangi lg. Hehe","1795340272920117463","","","in","Melbourne, Victoria","0","1","0","https://x.com/fikrurizal/status/1795340272920117463","65596303","fikrurizal"
"1796077214381076773","Thu May 30 10:07:28 +0000 2024","5","@KafiAdi @sofiesyarief Austerity adalah kebijakan bukan kondisi. Dan itu asersi yang sesat: justru government spending kita naik pesat semasa pilpres terutama bansos. @sofiesyarief bener; masalahnya adalah (mis)alokasi yg berujung kanibalisasi program social net. https://t.co/QAauJfoKUU","1796121238915469661","","KafiAdi","in","Hindia Widodo","0","1","1","https://x.com/und_cuckoosnest/status/1796121238915469661","1760906635768410112","und_cuckoosnest"
"1783751376306401723","Fri Apr 26 06:54:03 +0000 2024","4","Menkeu: Belanja Pemerintah untuk Bansos &amp; Pemilu Capai Rp222 T https://t.co/CbOWMjkRQp","1783751376306401723","","","in","Indonesia","0","0","0","https://x.com/TirtoID/status/1783751376306401723","4187275698","TirtoID"
"1782268361734607078","Mon Apr 22 04:41:05 +0000 2024","5","MK Khawatir Pembagian Bansos Jelang Pemilu Jadi Preseden Buruk https://t.co/LUpSwcMoIb","1782268361734607078","","","in","Indonesia","0","0","0","https://x.com/TirtoID/status/1782268361734607078","4187275698","TirtoID"
"1788563991285158093","Thu May 09 13:37:40 +0000 2024","4","Zulhas menyampaikan itu dalam Rakornas PAN di Jakata Kamis (9/5/2024). Dia mengatakan Prabowo dicintai masyarakat karena niatnya ingin melayani masyarakat. https://t.co/JVv1KUWflT","1788563991285158093","","","in","","0","10","0","https://x.com/detikcom/status/1788563991285158093","69183155","detikcom"
"1789066288029216887","Fri May 10 22:53:36 +0000 2024","2","Analisis POLITIK BANSOS Politik Anggaran Bantuan Sosial Putusan MK jelas meminta perbaikan tata kelola realisasi dana mitigasi risiko khususnya bansos yang berimpitan pemilu. Baca Dian Puji N Simatupang di Opini Kompas https://t.co/GlfdCbsenZ @hariankompas","1789066288029216887","","","in","","0","0","0","https://x.com/tatisamhadi/status/1789066288029216887","1445984430258982913","tatisamhadi"
"1786035778482815204","Thu May 02 14:11:27 +0000 2024","0","Pantesan bansos lancar penyalurannya sebelum pemilu demi sang gemoy meluncur","1786035778482815204","","","in","üèß","0","0","0","https://x.com/junkcok/status/1786035778482815204","190051299","junkcok"
"1782315904917012854","Mon Apr 22 07:50:00 +0000 2024","7","Hakim MK Arsul Sani mengatakan dugaan politisasi bansos oleh Menko Perekonomian Airlangga Hartato di NTB pada awal Januari 2024 tidak terbukti. #detikPemilu https://t.co/1ey4KkIdRw","1782315904917012854","","","in","","0","3","3","https://x.com/detikcom/status/1782315904917012854","69183155","detikcom"
"1791971805353439305","Sat May 18 23:19:06 +0000 2024","0","PDI Perjuangan Endus Jokowi Akan Cawe-cawe di Pilkada Bansos Akan Berlanjut Hingga Desember https://t.co/ZJ04FYR4cT","1791971805353439305","","","in","Jakarta, Indonesia","0","0","0","https://x.com/GesuriID/status/1791971805353439305","584835300","GesuriID"
"1792028050441535675","Sun May 19 03:02:36 +0000 2024","0","https://t.co/d3wDOCfffu Kemiskinan harus dilestarikan karena kemiskinan identik kebodohan sistematis. Pajak naik biaya kuliah selangit pemilu dikasih bansos pemilu masih sistem rakyat belum bisa baca tulis padahal sudah abad 21.","1792028050441535675","","","in","Indonesia","0","0","0","https://x.com/DKYLBcom/status/1792028050441535675","1608035838822330368","DKYLBcom"
"1787393635245584387","Mon May 06 08:07:05 +0000 2024","1","Efek Pemilu hingga Bansos Konsumsi Pemerintah Kuartal I/2024 Tertinggi sejak 2006 https://t.co/2RYslZlMRU","1787393635245584387","","","in","Jakarta, Indonesia","0","0","0","https://x.com/Bisniscom/status/1787393635245584387","118646322","Bisniscom"
"1787357156565799331","Mon May 06 05:42:08 +0000 2024","2","Konsumsi Pemerintah Melonjak 19 9% Gara-gara Pemilu 2024 dan Bansos? https://t.co/A5ro4c7vwt","1787357156565799331","","","in","Jakarta, Indonesia","0","0","0","https://x.com/Bisniscom/status/1787357156565799331","118646322","Bisniscom"
"1790534606623801846","Wed May 15 00:08:11 +0000 2024","1","Yang menyedihkan di Pemilu 2024 kali ini Banyak rakyat bersenang hati mendapatkan bansos yg dibombardir...padahal hanya cukup unt mempertebal cigong dan BAB nya lancar.....sementara Kedaulatannya di rampas","1790534606623801846","","","in","Pancoran, Indonesia","0","0","0","https://x.com/MaliminRinaldi/status/1790534606623801846","4597496354","MaliminRinaldi"
"1792944392791355442","Tue May 21 15:43:49 +0000 2024","0","Pemilu sudah lewat 58% Apa itu bansos? Ok gas ok gas Ndasmu beras","1792944392791355442","","","in","Indonesia","0","0","0","https://x.com/KolonelTarzan/status/1792944392791355442","780095616382672897","KolonelTarzan"
"1788769566023422426","Fri May 10 03:14:32 +0000 2024","0","Banjir dan longsong di Lawu Sulsel ibu Risma sebagai mensos turun ke lapangan kalau bagiin Bansos menjelang Pemilu diam2 aja @tvOneNews","1788769566023422426","","","in","disana senang disini senang","0","0","0","https://x.com/dedensujana/status/1788769566023422426","162270980","dedensujana"
"1787398909553516640","Mon May 06 08:28:02 +0000 2024","0","Pertumbuhan Ekonomi Kuartal I/2024 Tumbuh 5 11% Ditopang Bansos dan Pemilu https://t.co/y1Ozlo9G0j","1787398909553516640","","","in","Indonesia","0","0","0","https://x.com/bisnisindo_id/status/1787398909553516640","1330791552583548932","bisnisindo_id"
"1791347924632502615","Fri May 17 06:00:01 +0000 2024","0","Djarot berharap penyelenggara pemilu bisa memantau pembagian bantuan sosial tersebut. https://t.co/xcebJqpZm5","1791347924632502615","","","in","DKI Jakarta, Indonesia","0","0","0","https://x.com/voidotid/status/1791347924632502615","1186946650595418116","voidotid"
"1796714339908632699","Sat Jun 01 01:24:14 +0000 2024","0","Bapak jaminan nya apa!!! Itu uang sangat buesaaaaar!!! Dirubah yg lebih bet Nalar ga grasa grusu!!! SAYA YAKIN DG BANSOS YG MARAK DAN MASIF YG KATANYA GAK ADA HUBUNGAN PEMILU 2024 PRESIDEN MENUNJUKAN BAHWA RAKYAT INDONESIA MASIH SUPER MISKIN!!! KHAAAAN!!","1796714339908632699","","","in","","0","0","0","https://x.com/tjandra_alwi/status/1796714339908632699","1441147010392858625","tjandra_alwi"
"1776149089715093512","Fri Apr 05 07:25:16 +0000 2024","6"," Tetapi ada satu yang bisa saya pastikan bahwa bansos itu bungkusannya tidak ada yang berwarna kuning kata Menko Perekonomian Airlangga Hartarto. https://t.co/9zBaP6MJCq","1776149089715093512","","","in","","0","0","2","https://x.com/detikcom/status/1776149089715093512","69183155","detikcom"
"1754120341537104350","Sun Feb 04 12:30:54 +0000 2024","1","Semakin Gencar! 2 Bansos yang Diterima KPM Sebelum Pemilu 2024 Ada Bantuan Khusus dengan Nominal Fantastis https://t.co/SjHSpWE7rQ","1754120341537104350","","","in","Bandung, West Java, Indonesia","0","0","0","https://x.com/PRFMnews/status/1754120341537104350","150589950","PRFMnews"
"1782265574157869545","Mon Apr 22 04:30:00 +0000 2024","9","MK menilai tidak ada kejanggalan dalam anggaran bantuan sosial jelang pilpres. MK mengatakan anggaran bansos telah dirancang dengan matang oleh pemerintah. #detikPemilu https://t.co/wjFM0P9q2E","1782265574157869545","","","in","","5","7","3","https://x.com/detikcom/status/1782265574157869545","69183155","detikcom"
"1782617403605799296","Tue Apr 23 03:48:03 +0000 2024","10","Jokowi Hormati Putusan MK: Tuduhan Kecurangan-Politisasi Bansos Tak Terbukti Jokowi menghormati putusan MK yang menolak gugatan sengketa pilpres. Jokowi menyebut putusan itu tidak membuktikan tuduhan negatif kepada pemerintah. &gt;&gt; https://t.co/jsBovGgHaj #detikPemilu","1782617403605799296","","","in","","2","22","0","https://x.com/detikcom/status/1782617403605799296","69183155","detikcom"
"1776151581114650696","Fri Apr 05 07:35:10 +0000 2024","2","Airlangga Hartarto membantah jika bansos lebih berkaitan dengan elektoral partai politik dalam Pemilu 2024. Seperti apa bantahannya? https://t.co/r9a239ZEZg","1776151581114650696","","","in","","0","0","1","https://x.com/detikcom/status/1776151581114650696","69183155","detikcom"
"1789160755008561400","Sat May 11 05:08:59 +0000 2024","1","Yg lebih bodoh lagi...untuk bansos pemilu berasnya dari import hingga kekurangan stock jadi mahal!!","1789160755008561400","","","in","","0","0","0","https://x.com/tjandra_alwi/status/1789160755008561400","1441147010392858625","tjandra_alwi"
"1753009707701440861","Thu Feb 01 10:57:38 +0000 2024","1","Warga Bandung Merapat! Bansos Ini Cair Sebelum Pemilu 2024 KPM yang Terdata Dapat Bantuan Rp600 Ribu https://t.co/FDLfkslrrE","1753009707701440861","","","in","Bandung, West Java, Indonesia","0","0","1","https://x.com/PRFMnews/status/1753009707701440861","150589950","PRFMnews"
"1795706426922533043","Wed May 29 06:39:09 +0000 2024","0","yaampun padahal waktu pemilu aja pak owi bansos sana sini demi beli suara rakyat buat anaknya. terus masih mau denial kalo 02 itu gaada hubungannya sama pak owi &amp; pemerintahannya skrg? ‚Äç‚ÜîÔ∏è","1795706426922533043","","","in","","0","0","0","https://x.com/cinuamonroll/status/1795706426922533043","1023216727373443073","cinuamonroll"
"1753009793210695842","Thu Feb 01 10:57:58 +0000 2024","1","Alhamdulillah! Bansos Ini Mulai Cair Sebelum Pemilu 2024 Ketahui Skema BLT Mitigasi Risiko Pangan Terbaru https://t.co/x50poObYiz","1753009793210695842","","","in","Bandung, West Java, Indonesia","0","0","1","https://x.com/PRFMnews/status/1753009793210695842","150589950","PRFMnews"
"1780431237120971235","Wed Apr 17 03:01:00 +0000 2024","5","Tim AMIN serahkan dokumen kesimpulan kepada MK. Tim AMIN membantah pernyataan 4 menteri yang memberikan keterangan di MK terkait Bansos. Seperti apa? #detikPemilu https://t.co/4RMm1MvrXy","1780431237120971235","","","in","","0","4","1","https://x.com/detikcom/status/1780431237120971235","69183155","detikcom"
"1796073331919053066","Thu May 30 06:57:06 +0000 2024","0","Kenapa namanya Tapera? Tinggal bilang aja Kasbon tuh ya.. susah amat Hutang membengkak kebutuhan negara makin banyak soalnya dipake buat bansos pemilu sih EHHH hehe Siapa yang ditumbalin? Ya rakyat LAHH.. tapi jujur kasian sama rakyat middle class dah.. cobaannya banyak bgt","1796073331919053066","","","in","","0","0","0","https://x.com/bgsrnld/status/1796073331919053066","238570287","bgsrnld"
"1794706245330592183","Sun May 26 12:24:47 +0000 2024","4","Bagi2 itu emang kelebihan keluarga ini termasuk bagi2 bansos menjelang pemilu","1794706245330592183","","","in","","0","1","0","https://x.com/Bambangmulyonoo/status/1794706245330592183","1296312516901916672","Bambangmulyonoo"
"1788885164812378545","Fri May 10 10:53:53 +0000 2024","3","Galang Rambu Anarki anakku..lahir awal Januari menjelang pemilu.. Galang Rambu Anarki dengarlah..terompet tahun Baru menyambutmu.. Galang Rambu Anarki ingatlah..tangisan pertamamu ditandai Bansos gila¬≤an.. https://t.co/b2SXE13Smo","1788885164812378545","","","in","Kota Surabaya, Jawa Timur","0","1","2","https://x.com/cak_agoest/status/1788885164812378545","2884352413","cak_agoest"
"1794356439823286696","Sat May 25 13:14:47 +0000 2024","1","Artinya: 1. Makan Siang Gratis. 2. Gencarkan bansos menjelang pemilu. 3. Jangan lupa coblos yang tempat 4. Jangan lupa coblos partai Gelora @AnwarKhoirull","1794356439823286696","","","in","Surakarta, Jawa Tengah","0","0","0","https://x.com/cakkadull/status/1794356439823286696","1143135237641125889","cakkadull"
"1789886878826573832","Mon May 13 05:14:21 +0000 2024","1","Ayo Angkat semua .... Semangat..... Like as Bansos Pemilu 497T ....","1789886878826573832","","","in","Bumi Arema, Indonesia","0","0","0","https://x.com/Jaga5_sila/status/1789886878826573832","1548874746083053569","Jaga5_sila"
"1788755709188075965","Fri May 10 02:19:29 +0000 2024","0","Orang tersandera korupsi omongnya toxic coba jelaskan apa bansos tidak ada!! Dan masif menjelang pemilu!!! Bansos di bagikan di jawa tengah sambil makan bakso bersama prabowo!!! Ini lah perilaku toxic ituuuu!!!","1788755709188075965","","","in","","0","0","0","https://x.com/tjandra_alwi/status/1788755709188075965","1441147010392858625","tjandra_alwi"
"1776170230018187760","Fri Apr 05 08:49:17 +0000 2024","0","Hotman Paris mengatakan kesaksian empat menteri menepis anggapan miring soal bantuan sosial (bansos) https://t.co/IK6MlrNnKk","1776170230018187760","","","in","","0","2","0","https://x.com/detikcom/status/1776170230018187760","69183155","detikcom"
"1751532926670660085","Sun Jan 28 09:09:26 +0000 2024","0","Makin Gencar! Pemerintah Jokowi akan Berikan Bansos Ini Sebelum Pemilu 2024 Khusus Penerima Manfaat Saja https://t.co/pc2bpFF7ul","1751532926670660085","","","in","Bandung, West Java, Indonesia","0","3","0","https://x.com/PRFMnews/status/1751532926670660085","150589950","PRFMnews"
"1776182994115432844","Fri Apr 05 09:40:00 +0000 2024","3","Penjabat Gubernur DKI Jakarta Heru Budi Hartono merespons fotonya saat membagikan bansos berbungkus biru muda ditampilkan dalam sidang sengketa Pilpres 2024. https://t.co/AGWxOiTXel","1776182994115432844","","","in","","0","0","0","https://x.com/detikcom/status/1776182994115432844","69183155","detikcom"
"1790047216515608951","Mon May 13 15:51:28 +0000 2024","0","Ini logika hukum koalisi yg 2 44 5% yg koalisi satu 28% dan no 3 27 5% hasil pemilu no 58% kalau ga ada cawe cawe dan bansos apa bisa!! Dan apa mungkin no.3 merosot 16% turun 11 5% EDAAAAN KHAN","1790047216515608951","","","in","","0","0","0","https://x.com/tjandra_alwi/status/1790047216515608951","1441147010392858625","tjandra_alwi"
"1776182079623249937","Fri Apr 05 09:36:22 +0000 2024","4","Menteri Sosial (Mensos) Tri Rismaharini menjelaskan alasan dirinya jarang ikut membagikan bantuan sosial (bansos). https://t.co/ZlRgmPQhgQ","1776182079623249937","","","in","","0","0","0","https://x.com/detikcom/status/1776182079623249937","69183155","detikcom"
"1792851399904243987","Tue May 21 09:34:17 +0000 2024","0","Ya iyalah gak mungkin sebagian besar dari mereka gak pada Aji Mumpung... Kasus SYL ini kan minimal buat nutupin/alihkan Korupsi di Timah Bansos menjelang PILPRES/PEMILU... Mau gak mau jugalah biar kepala aman resiko yang paling sering kena bagian ekor...","1792851399904243987","","","in","Bumi","0","0","0","https://x.com/NKRI_Nomor_1/status/1792851399904243987","1211443304","NKRI_Nomor_1"
"1776453526388117619","Sat Apr 06 03:35:00 +0000 2024","1","Risma memberi kesaksian di depan MK saat sidang sengketa Pilpres 2024. Dia sempat dicecar Hakim MK soal jarang muncul setiap pembagian bansos. https://t.co/KkVZ8Lho35","1776453526388117619","","","in","","0","3","1","https://x.com/detikcom/status/1776453526388117619","69183155","detikcom"
"1794719531304431715","Sun May 26 13:17:35 +0000 2024","4","Menafikan FAKTA / BUKTI RIIL di masyarakat adalah salah satu ciri PENGKHIANAT !! yg bersuara keras dan lantang di dunyat bahwa PEMILU 2024 mrpkn PEMILU TERBURUK BAHKAN TERBOBROK krn keterlibatan @jokowi dg POLITISASI BANSOS NYA itu bkn hanya pendukung capres tpi semua Elemen !!","1794719531304431715","","","in","Pengusaha... East Java","0","0","2","https://x.com/WIDYA_N_2311/status/1794719531304431715","1476081073641562112","WIDYA_N_2311"
"1795038822956167460","Mon May 27 10:26:20 +0000 2024","4","Target politik itu Rakyat tetap Bodoh dan Miskin !! Klo Rakyat Pinter Janji Pemilu yg buta huruf Tidak laku !! Klo Rakyat Kaya Musim Pilpres Bansos tidak laku !!","1795038822956167460","","","in","IndonesiaüáÆüá©","0","0","5","https://x.com/AdrianvanFlores/status/1795038822956167460","1440683543529619465","AdrianvanFlores"
"1786782838857289793","Sat May 04 15:40:00 +0000 2024","1","Ketum PKB Cak Imin menemui bakal calon kepala daerah di Surabaya Jawa Timur (Jatim). Dalam sambutannya Cak Imin menyampaikan harapannya ke bacakada. https://t.co/vZPaSuPree","1786782838857289793","","","in","","0","1","0","https://x.com/detikcom/status/1786782838857289793","69183155","detikcom"
"1781129805607632979","Fri Apr 19 01:16:52 +0000 2024","56","Prabowo Subianto menepis tuduhan memenangkan Pilpres 2024 dengan cara curang. Prabowo mengatakan tuduhan itu sangat kejam dan tak berdasar. #detikPemilu https://t.co/lxgaN5mLWs","1781129805607632979","","","in","","5","46","10","https://x.com/detikcom/status/1781129805607632979","69183155","detikcom"
"1788388614575104205","Thu May 09 02:00:47 +0000 2024","0","Di design ulang penetapan pimpinan @bpkri melalui Pemilu Serentak juga biar alokasi bansos bisa di maksimalkan lagi @jokowi @prabowo @aniesbaswedan @ganjarpranowo","1788388614575104205","","","in","Jabodetabek","0","0","0","https://x.com/gwk555/status/1788388614575104205","193727431","gwk555"
"1782289481648771484","Mon Apr 22 06:05:00 +0000 2024","6","Kesaksian Ace dan Penegasan MK Tak Ada Hubungan Bansos-Kenaikan Suara Ace Hasan adalah salah satu saksi yang dihadirkan kubu Prabowo-Gibran. Kesaksiannya menyampaikan anggaran Perlindungan Sosial yang mencapai Rp 496 8 Triliun. &gt;&gt; https://t.co/SBvnYJeD1u #detikPemilu","1782289481648771484","","","in","","0","2","0","https://x.com/detikcom/status/1782289481648771484","69183155","detikcom"
"1779871045178036402","Mon Apr 15 13:55:00 +0000 2024","18","Tim AMIN Bakal Bantah Keterangan 4 Menteri Lewat Kesimpulan Sidang MK Dalam kesimpulan sidang Tim AMIN menyoroti polemik bansos hingga pengangkatan Pj kepala daerah. &gt;&gt; https://t.co/ZV51czgWgW #detikPemilu","1779871045178036402","","","in","","2","1","2","https://x.com/detikcom/status/1779871045178036402","69183155","detikcom"
"1796360657232974275","Fri May 31 01:58:50 +0000 2024","0","gue tanya kemrin emak gue katanya biar bansos ngalir terus kalo no 2 yg menang. after pemilu nama emak gue sbgai penerima bansos udah gaada bjierr ","1796360657232974275","","","in","","0","0","0","https://x.com/baekxixi_/status/1796360657232974275","1344417043014057984","baekxixi_"
"1788903903939207330","Fri May 10 12:08:21 +0000 2024","1","Rakyat pun korupsi bray ... Telitilah ketika pemilu mereka terima suap dr kandidat.. Lihatlah ketika ada pembagian Bansos banyak yg orng mampu minta jatah... Negri ini akan terkutuk bray..","1788903903939207330","","","in","","0","0","0","https://x.com/Ruwahel/status/1788903903939207330","988252217328132096","Ruwahel"
"1792686621508399468","Mon May 20 22:39:31 +0000 2024","0","Turun setelah kemunculan Bansos Rp 496T dari pemerintah saat Pemilu kemarin?","1792686621508399468","","","in","Indonesia","0","0","0","https://x.com/RasyidBarabai/status/1792686621508399468","1484735354519568388","RasyidBarabai"
"1776162014051942723","Fri Apr 05 08:16:38 +0000 2024","1","Hakim MK Enny bertanya kepada Menteri Sosial Tri Rismaharini terkait anggaran perlindungan sosial (Perlinsos) yang cair di bulan Januari hingga Februari 2024. https://t.co/r1AuJCooFD","1776162014051942723","","","in","","0","1","1","https://x.com/detikcom/status/1776162014051942723","69183155","detikcom"
"1780437276192821662","Wed Apr 17 03:25:00 +0000 2024","3","Serahkan kesimpulan terkait sengketa Pilpres ke MK Tim Hukum Ganjar-Mahfud tetap mempermasalahkan Presiden Jokowi yang membagi-bagikan bansos jelang pemungutan suara. #detikPemilu https://t.co/uamfSjKvcF","1780437276192821662","","","in","","0","3","1","https://x.com/detikcom/status/1780437276192821662","69183155","detikcom"
"1795257577611382905","Tue May 28 00:55:35 +0000 2024","0","Kondisi ekonomi merosot daya beli lemah utang luar negri gede belum bayar subsidi2 gaji2 asn bansos pemilu masih jg mau bangun proyek kayak IKN. Ujung2nya pertalite ditarik UKT naik gila2an semua kena pajak sistem bpjs berubah2 come on guys wake up!","1795257577611382905","","","in","Palembang","0","0","0","https://x.com/Zizou_Zidane05/status/1795257577611382905","306914397","Zizou_Zidane05"
"1788079537240285634","Wed May 08 05:32:37 +0000 2024","0","Ekonomi domestik belum mampu memaksimalkan aktivitasnya meski sudah mendapat dorongan belanja pemerintah pada anggaran bansos dan pemilu. https://t.co/D7euXdGuLg #InvestorDaily #investasi #Saham","1788079537240285634","","","in","Jakarta, Indonesia","0","0","0","https://x.com/InvestorID/status/1788079537240285634","238091066","InvestorID"
"1787663096443719888","Tue May 07 01:57:50 +0000 2024","0","Kalau melihat hasil pemilu kemarin kok saya setuju yaa pak Anies nyalon gubernur dkj lagi.. untuk membuktikan saja sih apa benar hasil yg kemarin itu realita yg ada atau memang kutak Katik bansos semata.","1787663096443719888","","","in","Indonesia","0","0","0","https://x.com/sholehachmad36/status/1787663096443719888","917049745","sholehachmad36"
"1789103127582421391","Sat May 11 01:20:00 +0000 2024","1","Putusan MK jelas meminta perbaikan tata kelola realisasi dana mitigasi risiko khususnya bansos yang berimpitan pemilu. #Opini #AdadiKompas https://t.co/Zw8HufngAH","1789103127582421391","","","in","Palmerah, Jakarta","0","0","2","https://x.com/hariankompas/status/1789103127582421391","255866913","hariankompas"
"1792714939909751044","Tue May 21 00:32:03 +0000 2024","0","Alah seandainya malam sebelum pemilu tidak ada operasi bansos Ganjar bisa saja menang di Jateng saat itu. Tapi mereka takut dengan operasi senja malam sebelum pemilu","1792714939909751044","","","in","indonesia ","0","0","0","https://x.com/Melvin04061998/status/1792714939909751044","1214499648364150784","Melvin04061998"
"1787298051310379058","Mon May 06 01:47:16 +0000 2024","2","Memang bansos apa bantuan bantuan langsung paling cepet dirasakan tetapi tidak memiliki unsur pemberdayaan. Gus @cakimiNOW https://t.co/GKYCLg9aVR","1787298051310379058","","","in","Kota Surabaya, Jawa Timur","0","0","1","https://x.com/dpwpkbjatim_/status/1787298051310379058","169902541","dpwpkbjatim_"
"1786927443158372578","Sun May 05 01:14:36 +0000 2024","0","pemilu pada rame promosi.... ngabisin duid rakyat.... wahai penguasa bansos kalian kekenyangan tidur muluuuu","1786927443158372578","","","in","AtPeace‚òùÔ∏èüíõ","0","0","0","https://x.com/AnnaYellowHeart/status/1786927443158372578","230652338","AnnaYellowHeart"
"1796168089937289302","Thu May 30 13:43:29 +0000 2024","48","@DrEvaChaniago Habis uang negara karena ikn dan bansos pemilu demi pemenangan putra mahkota mau meras rakyat membandingkan PJK dengan negara eropa. Lupa ya pengangguran di eropa digaji pemerintah wakanda nganggur ? pensiun dan PHK pun tetap dipajakin mati pun juga dipajakin Luar biasa","1796175601730035804","","DrEvaChaniago","in","","0","0","14","https://x.com/aldrovandi10/status/1796175601730035804","1437186112519241730","aldrovandi10"
"1795447715112927582","Tue May 28 23:04:14 +0000 2024","27","@StefanAntonio__ Garong berkedok tabungan... Abis duit buat bansos pemilu bingung balikinnya. Mau pinjam cina tp utangnya udah seratus gunung... Mau pinjam mamarika gk bakal ngasih... Akhirnya garong rakyat sendiri... Bukan begiti pak ketua kabinet Gotong Garong @jokowi ???","1795591943268999332","","StefanAntonio__","in","","0","1","1","https://x.com/Kessnowandoko/status/1795591943268999332","3365491165","Kessnowandoko"
